{
  "saved_at": 1771214348.921545,
  "cycle": 33,
  "rewards": [
    -13.137825761896814,
    -50.11179509747279,
    -287.71997415820505,
    -22.45554015625746,
    -32.695332121337984,
    2.207776189772075,
    7.570712067218132,
    -7.2501355230756594,
    -1.3394225167922125,
    -296.1866570667666,
    -4.72721852876473,
    7.623426062133798,
    -574.4208128864014,
    7.590441767010327,
    -20.851946351893243,
    2.630129343502035,
    -302.3397441023474,
    2.551081725800282,
    2.35673323445648,
    2.546016730226349,
    2.302885908447778,
    2.4485963021484705,
    -2.499053658475699,
    -36.689278718554675,
    -7.099917740443395,
    0.49544281723672245,
    -14.539482495875742,
    2.5572280545904436,
    -6.478983873746275,
    -4.84357251202133,
    2.5794703063888367,
    1.6230560317726601,
    0.5174928618182912
  ],
  "latencies_ms": [
    33726.034416933544,
    16256.636000005528,
    16816.552708041854,
    15520.433166995645,
    17828.162999940105,
    18380.448542069644,
    18821.86525000725,
    11758.367459056899,
    17402.857000008225,
    18469.352249987423,
    14769.180875038728,
    16793.701875023544,
    18008.214582921937,
    16409.0425419854,
    16257.021417026408,
    12601.046708063222,
    18131.224249955267,
    25862.897959072143,
    14454.58962500561,
    23507.591083063744,
    14475.456041982397,
    16810.240417020395,
    47011.37683400884,
    16134.245458990335,
    17144.08425008878,
    64614.500875002705,
    28504.9918750301,
    23322.977041942067,
    21167.992124916054,
    20930.16562506091,
    23804.199374979362,
    27936.223125085235,
    21955.21554199513
  ],
  "risk_levels": [
    "unknown",
    "high",
    "high",
    "high",
    "high",
    "high",
    "high",
    "high",
    "high",
    "high",
    "high",
    "high",
    "high",
    "high",
    "high",
    "high",
    "high",
    "high",
    "high",
    "high",
    "high",
    "high",
    "high",
    "high",
    "high",
    "high",
    "high",
    "high",
    "high",
    "high",
    "high",
    "high",
    "high"
  ],
  "action_counts": [
    0,
    3,
    3,
    3,
    3,
    3,
    3,
    2,
    3,
    3,
    3,
    3,
    3,
    3,
    3,
    3,
    3,
    3,
    3,
    3,
    3,
    3,
    7,
    3,
    3,
    15,
    6,
    4,
    4,
    4,
    4,
    4,
    4
  ],
  "reward_windows": [
    -70.11181941448143,
    -87.70418930062776,
    -6.43461359166937
  ],
  "finetune_runs": 9,
  "sft_dataset_size": 0,
  "rl_dataset_size": 0,
  "active_endpoint": "http://localhost:9090/v1",
  "adapter_version": 0
}